"Ccl Lvo","Grado","Org Acad","Descr Fmal","Catálogo","ID Curso","Asignatura","Nº Clase","Sección","Sesión","Componente","Estado Clase","Est Inscr","Lun","Mart","Miérc","Jue","Vier","Sáb","Dom","Hora Inicio Clase","Hora Fin Clase","F Inicial","F Final","ID Instalación","Capacidad Aula Asignada","Capacidad Aula Solicitada","Capacidad Inscripción","Descr","Tot Inscr"
"1030","PREG","DPT-ISIST","Departamento de Ingeniería de Sistemas","4800","004181","Administración Básica Linux","7785","1","Ordinaria","Laboratorio","Sección Cancelada","Cerrado","","","","","","","","","","","","","","25","20","","0"
"1030","PREG","DPT-ISIST","Departamento de Ingeniería de Sistemas","4800","004056","Admón. Sistemas de Información","3936","1","Ordinaria","Teórico - Práctico","Activo","Abierto","N","N","N","Y","N","N","N"," 7:00:00.000000AM"," 9:00:00.000000AM","07/26/2010","12/04/2010","PC002-S105","20","20","20","","16"
"1030","PREG","DPT-ISIST","Departamento de Ingeniería de Sistemas","4800","004056","Admón. Sistemas de Información","3936","1","Ordinaria","Teórico - Práctico","Activo","Abierto","N","Y","N","N","N","N","N"," 7:00:00.000000AM"," 9:00:00.000000AM","07/26/2010","12/04/2010","SC009-P109","29","20","20","","16"
"1030","PREG","DPT-ISIST","Departamento de Ingeniería de Sistemas","4800","004056","Admón. Sistemas de Información","3937","2","Ordinaria","Teórico - Práctico","Activo","Abierto","N","N","N","N","Y","N","N"," 7:00:00.000000AM"," 9:00:00.000000AM","07/26/2010","12/04/2010","PC002-S103","20","20","20","","17"
"1030","PREG","DPT-ISIST","Departamento de Ingeniería de Sistemas","4800","004056","Admón. Sistemas de Información","3937","2","Ordinaria","Teórico - Práctico","Activo","Abierto","N","N","Y","N","N","N","N"," 7:00:00.000000AM"," 9:00:00.000000AM","07/26/2010","12/04/2010","SC067-P523","16","20","20","","17"
"1030","PREG","DPT-ISIST","Departamento de Ingeniería de Sistemas","4800","004056","Admón. Sistemas de Información","3938","3","Ordinaria","Teórico - Práctico","Activo","Abierto","N","N","N","Y","N","N","N"," 2:00:00.000000PM"," 4:00:00.000000PM","07/26/2010","12/04/2010","PC002-S108","20","20","20","","18"
"1030","PREG","DPT-ISIST","Departamento de Ingeniería de Sistemas","4800","004056","Admón. Sistemas de Información","3938","3","Ordinaria","Teórico - Práctico","Activo","Abierto","Y","N","N","N","N","N","N"," 2:00:00.000000PM"," 4:00:00.000000PM","07/26/2010","12/04/2010","SA067-P717","24","20","20","","18"
"1030","PREG","DPT-ISIST","Departamento de Ingeniería de Sistemas","4800","004056","Admón. Sistemas de Información","3939","4","Ordinaria","Teórico - Práctico","Activo","Abierto","N","N","N","Y","N","N","N","11:00:00.000000AM"," 1:00:00.000000PM","07/26/2010","12/04/2010","PC002-S107","20","20","20","","18"
"1030","PREG","DPT-ISIST","Departamento de Ingeniería de Sistemas","4800","004056","Admón. Sistemas de Información","3939","4","Ordinaria","Teórico - Práctico","Activo","Abierto","N","Y","N","N","N","N","N","11:00:00.000000AM"," 1:00:00.000000PM","07/26/2010","12/04/2010","SC052-P426","25","20","20","","18"
"1030","PREG","DPT-ISIST","Departamento de Ingeniería de Sistemas","4800","004056","Admón. Sistemas de Información","3940","5","Ordinaria","Teórico - Práctico","Activo","Abierto","N","N","N","N","Y","N","N"," 9:00:00.000000AM","11:00:00.000000AM","07/26/2010","12/04/2010","PC002-S104","20","20","20","","19"
"1030","PREG","DPT-ISIST","Departamento de Ingeniería de Sistemas","4800","004056","Admón. Sistemas de Información","3940","5","Ordinaria","Teórico - Práctico","Activo","Abierto","N","N","Y","N","N","N","N"," 9:00:00.000000AM","11:00:00.000000AM","07/26/2010","12/04/2010","SC009-P107","31","20","20","","19"
"1030","PREG","DPT-ISIST","Departamento de Ingeniería de Sistemas","4800","004056","Admón. Sistemas de Información","3941","6","Ordinaria","Teórico - Práctico","Activo","Abierto","N","N","N","Y","N","N","N"," 9:00:00.000000AM","11:00:00.000000AM","07/26/2010","12/04/2010","PC002-S102","20","20","20","","19"
"1030","PREG","DPT-ISIST","Departamento de Ingeniería de Sistemas","4800","004056","Admón. Sistemas de Información","3941","6","Ordinaria","Teórico - Práctico","Activo","Abierto","N","Y","N","N","N","N","N"," 9:00:00.000000AM","11:00:00.000000AM","07/26/2010","12/04/2010","SC009-P107","31","20","20","","19"
"1030","PREG","DPT-ISIST","Departamento de Ingeniería de Sistemas","4800","004056","Admón. Sistemas de Información","3942","7","Ordinaria","Teórico - Práctico","Activo","Abierto","N","N","N","N","Y","N","N"," 7:00:00.000000AM"," 9:00:00.000000AM","07/26/2010","12/04/2010","PC002-S104","20","20","20","","16"
"1030","PREG","DPT-ISIST","Departamento de Ingeniería de Sistemas","4800","004056","Admón. Sistemas de Información","3942","7","Ordinaria","Teórico - Práctico","Activo","Abierto","N","N","Y","N","N","N","N"," 7:00:00.000000AM"," 9:00:00.000000AM","07/26/2010","12/04/2010","SC052-P311","40","20","20","","16"
"1030","PREG","DPT-ISIST","Departamento de Ingeniería de Sistemas","4800","003194","Análisis de Algoritmos","7747","1","Ordinaria","Teórico - Práctico","Activo","Abierto","N","N","N","N","N","Y","N"," 8:00:00.000000AM","11:00:00.000000AM","07/26/2010","12/04/2010","SC052-P427","30","30","20","","17"
"1030","PREG","DPT-ISIST","Departamento de Ingeniería de Sistemas","4800","003194","Análisis de Algoritmos","7748","2","Ordinaria","Teórico - Práctico","Activo","Abierto","N","N","N","Y","N","N","N"," 2:00:00.000000PM"," 5:00:00.000000PM","07/26/2010","12/04/2010","SC067-P507","55","30","20","","19"
"1030","PREG","DPT-ISIST","Departamento de Ingeniería de Sistemas","4800","004183","Análisis y Diseño O.O.","7749","1","Ordinaria","Teórico - Práctico","Activo","Abierto","N","N","N","Y","N","N","N"," 7:00:00.000000AM"," 9:00:00.000000AM","07/26/2010","12/04/2010","NO-SALON","1000","20","17","","13"
"1030","PREG","DPT-ISIST","Departamento de Ingeniería de Sistemas","4800","004183","Análisis y Diseño O.O.","7749","1","Ordinaria","Teórico - Práctico","Activo","Abierto","N","Y","N","N","N","N","N"," 7:00:00.000000AM"," 9:00:00.000000AM","07/26/2010","12/04/2010","SC052-P414","25","20","17","","13"
"1030","PREG","DPT-ISIST","Departamento de Ingeniería de Sistemas","4800","004183","Análisis y Diseño O.O.","7750","2","Ordinaria","Teórico - Práctico","Activo","Abierto","N","N","N","Y","N","N","N"," 9:00:00.000000AM","11:00:00.000000AM","07/26/2010","12/04/2010","NO-SALON","1000","20","20","","14"
"1030","PREG","DPT-ISIST","Departamento de Ingeniería de Sistemas","4800","004183","Análisis y Diseño O.O.","7750","2","Ordinaria","Teórico - Práctico","Activo","Abierto","N","Y","N","N","N","N","N"," 9:00:00.000000AM","11:00:00.000000AM","07/26/2010","12/04/2010","SC052-P317","25","20","20","","14"
"1030","PREG","DPT-ISIST","Departamento de Ingeniería de Sistemas","4800","004183","Análisis y Diseño O.O.","7751","3","Ordinaria","Teórico - Práctico","Sección Cancelada","Cerrado","","","","","","","","","","","","","","20","0","","0"
"1030","PREG","DPT-ISIST","Departamento de Ingeniería de Sistemas","4800","004183","Análisis y Diseño O.O.","7752","4","Ordinaria","Teórico - Práctico","Activo","Abierto","N","N","N","N","Y","N","N"," 7:00:00.000000AM"," 9:00:00.000000AM","07/26/2010","12/04/2010","NO-SALON","1000","20","18","","11"
"1030","PREG","DPT-ISIST","Departamento de Ingeniería de Sistemas","4800","004183","Análisis y Diseño O.O.","7752","4","Ordinaria","Teórico - Práctico","Activo","Abierto","N","N","Y","N","N","N","N"," 7:00:00.000000AM"," 9:00:00.000000AM","07/26/2010","12/04/2010","SC052-P416","25","20","18","","11"
"1030","PREG","DPT-ISIST","Departamento de Ingeniería de Sistemas","4800","004185","Arquitectura de Software","7717","1","Ordinaria","Teórico - Práctico","Activo","Abierto","N","N","N","Y","N","N","N"," 2:00:00.000000PM"," 4:00:00.000000PM","07/26/2010","12/04/2010","NO-SALON","1000","30","20","","12"
"1030","PREG","DPT-ISIST","Departamento de Ingeniería de Sistemas","4800","004185","Arquitectura de Software","7717","1","Ordinaria","Teórico - Práctico","Activo","Abierto","N","Y","N","N","N","N","N"," 2:00:00.000000PM"," 4:00:00.000000PM","07/26/2010","12/04/2010","SC052-P401","30","30","20","","12"
"1030","PREG","DPT-ISIST","Departamento de Ingeniería de Sistemas","4800","004185","Arquitectura de Software","7718","2","Ordinaria","Teórico - Práctico","Activo","Abierto","N","N","N","N","N","Y","N"," 8:00:00.000000AM","12:00:00.000000PM","07/26/2010","12/04/2010","NO-SALON","1000","30","20","","15"
"1030","PREG","DPT-ISIST","Departamento de Ingeniería de Sistemas","4800","004186","Bases de Datos","7722","1","Ordinaria","Teórico - Práctico","Activo","Abierto","N","N","Y","N","N","N","N"," 7:00:00.000000AM"," 9:00:00.000000AM","07/26/2010","12/04/2010","NO-SALON","1000","25","17","","16"
"1030","PREG","DPT-ISIST","Departamento de Ingeniería de Sistemas","4800","004186","Bases de Datos","7722","1","Ordinaria","Teórico - Práctico","Activo","Abierto","Y","N","N","N","N","N","N"," 7:00:00.000000AM"," 9:00:00.000000AM","07/26/2010","12/04/2010","SC052-P306","25","25","17","","16"
"1030","PREG","DPT-ISIST","Departamento de Ingeniería de Sistemas","4800","004186","Bases de Datos","7723","2","Ordinaria","Teórico - Práctico","Activo","Abierto","N","N","N","Y","N","N","N","11:00:00.000000AM"," 1:00:00.000000PM","07/26/2010","12/04/2010","NO-SALON","1000","25","18","","13"
"1030","PREG","DPT-ISIST","Departamento de Ingeniería de Sistemas","4800","004186","Bases de Datos","7723","2","Ordinaria","Teórico - Práctico","Activo","Abierto","N","Y","N","N","N","N","N","11:00:00.000000AM"," 1:00:00.000000PM","07/26/2010","12/04/2010","SC052-P302","25","25","18","","13"
"1030","PREG","DPT-ISIST","Departamento de Ingeniería de Sistemas","4800","018899","Computadores","3821","1","22Semanas","Teórico - Práctico","Activo","Abierto","N","N","N","N","Y","N","N"," 4:00:00.000000PM"," 6:00:00.000000PM","07/12/2010","07/23/2010","PC002-S102","20","20","20","","17"
"1030","PREG","DPT-ISIST","Departamento de Ingeniería de Sistemas","4800","018899","Computadores","3821","1","22Semanas","Teórico - Práctico","Activo","Abierto","N","N","N","Y","N","N","N"," 4:00:00.000000PM"," 6:00:00.000000PM","07/12/2010","07/23/2010","PC002-S102","20","20","20","","17"
"1030","PREG","DPT-ISIST","Departamento de Ingeniería de Sistemas","4800","018899","Computadores","3821","1","22Semanas","Teórico - Práctico","Activo","Abierto","N","N","Y","N","N","N","N"," 4:00:00.000000PM"," 6:00:00.000000PM","07/12/2010","07/23/2010","PC002-S102","20","20","20","","17"
"1030","PREG","DPT-ISIST","Departamento de Ingeniería de Sistemas","4800","018899","Computadores","3821","1","22Semanas","Teórico - Práctico","Activo","Abierto","N","Y","N","N","N","N","N"," 4:00:00.000000PM"," 6:00:00.000000PM","07/12/2010","07/23/2010","PC002-S102","20","20","20","","17"
"1030","PREG","DPT-ISIST","Departamento de Ingeniería de Sistemas","4800","018899","Computadores","3821","1","22Semanas","Teórico - Práctico","Activo","Abierto","Y","N","N","N","N","N","N"," 4:00:00.000000PM"," 6:00:00.000000PM","07/12/2010","07/23/2010","PC002-S102","20","20","20","","17"
"1030","PREG","DPT-ISIST","Departamento de Ingeniería de Sistemas","4800","018899","Computadores","3836","2","22Semanas","Teórico - Práctico","Activo","Abierto","N","N","N","N","Y","N","N"," 4:00:00.000000PM"," 6:00:00.000000PM","07/12/2010","07/23/2010","PC002-S103","20","20","20","","19"
"1030","PREG","DPT-ISIST","Departamento de Ingeniería de Sistemas","4800","018899","Computadores","3836","2","22Semanas","Teórico - Práctico","Activo","Abierto","N","N","N","Y","N","N","N"," 4:00:00.000000PM"," 6:00:00.000000PM","07/12/2010","07/23/2010","PC002-S103","20","20","20","","19"
"1030","PREG","DPT-ISIST","Departamento de Ingeniería de Sistemas","4800","018899","Computadores","3836","2","22Semanas","Teórico - Práctico","Activo","Abierto","N","N","Y","N","N","N","N"," 4:00:00.000000PM"," 6:00:00.000000PM","07/12/2010","07/23/2010","PC002-S103","20","20","20","","19"
"1030","PREG","DPT-ISIST","Departamento de Ingeniería de Sistemas","4800","018899","Computadores","3836","2","22Semanas","Teórico - Práctico","Activo","Abierto","N","Y","N","N","N","N","N"," 4:00:00.000000PM"," 6:00:00.000000PM","07/12/2010","07/23/2010","PC002-S103","20","20","20","","19"
"1030","PREG","DPT-ISIST","Departamento de Ingeniería de Sistemas","4800","018899","Computadores","3836","2","22Semanas","Teórico - Práctico","Activo","Abierto","Y","N","N","N","N","N","N"," 4:00:00.000000PM"," 6:00:00.000000PM","07/12/2010","07/23/2010","PC002-S103","20","20","20","","19"
"1030","PREG","DPT-ISIST","Departamento de Ingeniería de Sistemas","4800","018899","Computadores","3841","3","22Semanas","Teórico - Práctico","Activo","Abierto","N","N","N","N","Y","N","N"," 4:00:00.000000PM"," 6:00:00.000000PM","07/12/2010","07/23/2010","PC002-S104","20","20","20","","18"
"1030","PREG","DPT-ISIST","Departamento de Ingeniería de Sistemas","4800","018899","Computadores","3841","3","22Semanas","Teórico - Práctico","Activo","Abierto","N","N","N","Y","N","N","N"," 4:00:00.000000PM"," 6:00:00.000000PM","07/12/2010","07/23/2010","PC002-S104","20","20","20","","18"
"1030","PREG","DPT-ISIST","Departamento de Ingeniería de Sistemas","4800","018899","Computadores","3841","3","22Semanas","Teórico - Práctico","Activo","Abierto","N","N","Y","N","N","N","N"," 4:00:00.000000PM"," 6:00:00.000000PM","07/12/2010","07/23/2010","PC002-S104","20","20","20","","18"
"1030","PREG","DPT-ISIST","Departamento de Ingeniería de Sistemas","4800","018899","Computadores","3841","3","22Semanas","Teórico - Práctico","Activo","Abierto","N","Y","N","N","N","N","N"," 4:00:00.000000PM"," 6:00:00.000000PM","07/12/2010","07/23/2010","PC002-S104","20","20","20","","18"
"1030","PREG","DPT-ISIST","Departamento de Ingeniería de Sistemas","4800","018899","Computadores","3841","3","22Semanas","Teórico - Práctico","Activo","Abierto","Y","N","N","N","N","N","N"," 4:00:00.000000PM"," 6:00:00.000000PM","07/12/2010","07/23/2010","PC002-S104","20","20","20","","18"
"1030","PREG","DPT-ISIST","Departamento de Ingeniería de Sistemas","4800","018899","Computadores","3847","4","22Semanas","Teórico - Práctico","Activo","Abierto","N","N","N","N","Y","N","N"," 4:00:00.000000PM"," 6:00:00.000000PM","07/12/2010","07/23/2010","PC002-S105","20","20","20","","18"
"1030","PREG","DPT-ISIST","Departamento de Ingeniería de Sistemas","4800","018899","Computadores","3847","4","22Semanas","Teórico - Práctico","Activo","Abierto","N","N","N","Y","N","N","N"," 4:00:00.000000PM"," 6:00:00.000000PM","07/12/2010","07/23/2010","PC002-S105","20","20","20","","18"
"1030","PREG","DPT-ISIST","Departamento de Ingeniería de Sistemas","4800","018899","Computadores","3847","4","22Semanas","Teórico - Práctico","Activo","Abierto","N","N","Y","N","N","N","N"," 4:00:00.000000PM"," 6:00:00.000000PM","07/12/2010","07/23/2010","PC002-S105","20","20","20","","18"
"1030","PREG","DPT-ISIST","Departamento de Ingeniería de Sistemas","4800","018899","Computadores","3847","4","22Semanas","Teórico - Práctico","Activo","Abierto","N","Y","N","N","N","N","N"," 4:00:00.000000PM"," 6:00:00.000000PM","07/12/2010","07/23/2010","PC002-S105","20","20","20","","18"
"1030","PREG","DPT-ISIST","Departamento de Ingeniería de Sistemas","4800","018899","Computadores","3847","4","22Semanas","Teórico - Práctico","Activo","Abierto","Y","N","N","N","N","N","N"," 4:00:00.000000PM"," 6:00:00.000000PM","07/12/2010","07/23/2010","PC002-S105","20","20","20","","18"
"1030","PREG","DPT-ISIST","Departamento de Ingeniería de Sistemas","4800","018899","Computadores","3850","5","22Semanas","Teórico - Práctico","Activo","Abierto","N","N","N","N","Y","N","N"," 4:00:00.000000PM"," 6:00:00.000000PM","07/12/2010","07/23/2010","PC002-S106","20","20","20","","18"
"1030","PREG","DPT-ISIST","Departamento de Ingeniería de Sistemas","4800","018899","Computadores","3850","5","22Semanas","Teórico - Práctico","Activo","Abierto","N","N","N","Y","N","N","N"," 4:00:00.000000PM"," 6:00:00.000000PM","07/12/2010","07/23/2010","PC002-S106","20","20","20","","18"
"1030","PREG","DPT-ISIST","Departamento de Ingeniería de Sistemas","4800","018899","Computadores","3850","5","22Semanas","Teórico - Práctico","Activo","Abierto","N","N","Y","N","N","N","N"," 4:00:00.000000PM"," 6:00:00.000000PM","07/12/2010","07/23/2010","PC002-S106","20","20","20","","18"
"1030","PREG","DPT-ISIST","Departamento de Ingeniería de Sistemas","4800","018899","Computadores","3850","5","22Semanas","Teórico - Práctico","Activo","Abierto","N","Y","N","N","N","N","N"," 4:00:00.000000PM"," 6:00:00.000000PM","07/12/2010","07/23/2010","PC002-S106","20","20","20","","18"
"1030","PREG","DPT-ISIST","Departamento de Ingeniería de Sistemas","4800","018899","Computadores","3850","5","22Semanas","Teórico - Práctico","Activo","Abierto","Y","N","N","N","N","N","N"," 4:00:00.000000PM"," 6:00:00.000000PM","07/12/2010","07/23/2010","PC002-S106","20","20","20","","18"
"1030","PREG","DPT-ISIST","Departamento de Ingeniería de Sistemas","4800","004190","Comunicaciones y Redes","7728","1","Ordinaria","Teórico - Práctico","Activo","Abierto","N","N","N","Y","N","N","N"," 9:00:00.000000AM","11:00:00.000000AM","07/26/2010","12/04/2010","PC002-S203","30","20","20","","19"
"1030","PREG","DPT-ISIST","Departamento de Ingeniería de Sistemas","4800","004190","Comunicaciones y Redes","7728","1","Ordinaria","Teórico - Práctico","Activo","Abierto","N","N","Y","N","N","N","N"," 9:00:00.000000AM","11:00:00.000000AM","07/26/2010","12/04/2010","SC052-P414","25","20","20","","19"
"1030","PREG","DPT-ISIST","Departamento de Ingeniería de Sistemas","4800","004190","Comunicaciones y Redes","7728","1","Ordinaria","Teórico - Práctico","Activo","Abierto","N","Y","N","N","N","N","N"," 9:00:00.000000AM","11:00:00.000000AM","07/26/2010","12/04/2010","SC003-P304","100","20","20","","19"
"1030","PREG","DPT-ISIST","Departamento de Ingeniería de Sistemas","4800","004190","Comunicaciones y Redes","7730","2","Ordinaria","Teórico - Práctico","Activo","Abierto","N","N","N","Y","N","N","N","11:00:00.000000AM"," 1:00:00.000000PM","07/26/2010","12/04/2010","SC052-P309","25","25","18","","10"
"1030","PREG","DPT-ISIST","Departamento de Ingeniería de Sistemas","4800","004190","Comunicaciones y Redes","7730","2","Ordinaria","Teórico - Práctico","Activo","Abierto","N","N","Y","N","N","N","N","11:00:00.000000AM"," 1:00:00.000000PM","07/26/2010","12/04/2010","SC052-P309","25","25","18","","10"
"1030","PREG","DPT-ISIST","Departamento de Ingeniería de Sistemas","4800","004190","Comunicaciones y Redes","7730","2","Ordinaria","Teórico - Práctico","Activo","Abierto","N","Y","N","N","N","N","N","11:00:00.000000AM"," 1:00:00.000000PM","07/26/2010","12/04/2010","SC003-P305","50","25","18","","10"
"1030","PREG","DPT-ISIST","Departamento de Ingeniería de Sistemas","4800","004196","Estructuras de Datos","7755","1","Ordinaria","Teórico - Práctico","Activo","Abierto","N","N","N","Y","N","N","N"," 9:00:00.000000AM","11:00:00.000000AM","07/26/2010","12/04/2010","NO-SALON","1000","20","20","","19"
"1030","PREG","DPT-ISIST","Departamento de Ingeniería de Sistemas","4800","004196","Estructuras de Datos","7755","1","Ordinaria","Teórico - Práctico","Activo","Abierto","N","Y","N","N","N","N","N"," 9:00:00.000000AM","11:00:00.000000AM","07/26/2010","12/04/2010","SC052-P408","25","20","20","","19"
"1030","PREG","DPT-ISIST","Departamento de Ingeniería de Sistemas","4800","004196","Estructuras de Datos","7756","2","Ordinaria","Teórico - Práctico","Activo","Cerrado","N","N","N","Y","N","N","N","11:00:00.000000AM"," 1:00:00.000000PM","07/26/2010","12/04/2010","NO-SALON","1000","20","20","","20"
"1030","PREG","DPT-ISIST","Departamento de Ingeniería de Sistemas","4800","004196","Estructuras de Datos","7756","2","Ordinaria","Teórico - Práctico","Activo","Cerrado","N","Y","N","N","N","N","N","11:00:00.000000AM"," 1:00:00.000000PM","07/26/2010","12/04/2010","SA067-P717","24","20","20","","20"
"1030","PREG","DPT-ISIST","Departamento de Ingeniería de Sistemas","4800","004196","Estructuras de Datos","7757","3","Ordinaria","Teórico - Práctico","Activo","Abierto","N","N","N","Y","N","N","N"," 6:00:00.000000PM"," 8:00:00.000000PM","07/26/2010","12/04/2010","NO-SALON","1000","20","20","","19"
"1030","PREG","DPT-ISIST","Departamento de Ingeniería de Sistemas","4800","004196","Estructuras de Datos","7757","3","Ordinaria","Teórico - Práctico","Activo","Abierto","N","Y","N","N","N","N","N"," 6:00:00.000000PM"," 8:00:00.000000PM","07/26/2010","12/04/2010","SC052-P418","25","20","20","","19"
"1030","PREG","DPT-ISIST","Departamento de Ingeniería de Sistemas","4800","004198","Fundamentos Redes e Internet","7783","1","Ordinaria","Teórico - Práctico","Activo","Abierto","N","N","N","Y","N","N","N","11:00:00.000000AM"," 1:00:00.000000PM","07/26/2010","12/04/2010","SC003-P305","50","25","20","","17"
"1030","PREG","DPT-ISIST","Departamento de Ingeniería de Sistemas","4800","003195","Fundamentos de Programación","7776","1","Ordinaria","Teórico - Práctico","Activo","Cerrado","N","N","Y","N","N","N","N"," 6:00:00.000000PM"," 8:00:00.000000PM","07/26/2010","12/04/2010","NO-SALON","1000","20","20","","20"
"1030","PREG","DPT-ISIST","Departamento de Ingeniería de Sistemas","4800","003195","Fundamentos de Programación","7776","1","Ordinaria","Teórico - Práctico","Activo","Cerrado","Y","N","N","N","N","N","N"," 6:00:00.000000PM"," 8:00:00.000000PM","07/26/2010","12/04/2010","SC052-P416","25","20","20","","20"
"1030","PREG","DPT-ISIST","Departamento de Ingeniería de Sistemas","4800","003195","Fundamentos de Programación","7777","2","Ordinaria","Teórico - Práctico","Activo","Abierto","N","N","N","Y","N","N","N"," 6:00:00.000000PM"," 8:00:00.000000PM","07/26/2010","12/04/2010","SC052-P424","25","20","20","","10"
"1030","PREG","DPT-ISIST","Departamento de Ingeniería de Sistemas","4800","003195","Fundamentos de Programación","7777","2","Ordinaria","Teórico - Práctico","Activo","Abierto","N","Y","N","N","N","N","N"," 6:00:00.000000PM"," 8:00:00.000000PM","07/26/2010","12/04/2010","NO-SALON","1000","20","20","","10"
"1030","PREG","DPT-ISIST","Departamento de Ingeniería de Sistemas","4800","003195","Fundamentos de Programación","7778","3","Ordinaria","Teórico - Práctico","Activo","Abierto","N","N","N","Y","N","N","N"," 7:00:00.000000AM"," 9:00:00.000000AM","07/26/2010","12/04/2010","SC052-P418","25","20","20","","14"
"1030","PREG","DPT-ISIST","Departamento de Ingeniería de Sistemas","4800","003195","Fundamentos de Programación","7778","3","Ordinaria","Teórico - Práctico","Activo","Abierto","N","Y","N","N","N","N","N"," 7:00:00.000000AM"," 9:00:00.000000AM","07/26/2010","12/04/2010","NO-SALON","1000","20","20","","14"
"1030","PREG","DPT-ISIST","Departamento de Ingeniería de Sistemas","4800","003195","Fundamentos de Programación","7779","4","Ordinaria","Teórico - Práctico","Activo","Abierto","N","N","N","Y","N","N","N"," 7:00:00.000000AM"," 9:00:00.000000AM","07/26/2010","12/04/2010","SC052-P420","25","20","20","","18"
"1030","PREG","DPT-ISIST","Departamento de Ingeniería de Sistemas","4800","003195","Fundamentos de Programación","7779","4","Ordinaria","Teórico - Práctico","Activo","Abierto","N","Y","N","N","N","N","N"," 7:00:00.000000AM"," 9:00:00.000000AM","07/26/2010","12/04/2010","NO-SALON","1000","20","20","","18"
"1030","PREG","DPT-ISIST","Departamento de Ingeniería de Sistemas","4800","003195","Fundamentos de Programación","7780","5","Ordinaria","Teórico - Práctico","Activo","Abierto","N","N","N","N","Y","N","N"," 7:00:00.000000AM"," 9:00:00.000000AM","07/26/2010","12/04/2010","NO-SALON","1000","20","20","","7"
"1030","PREG","DPT-ISIST","Departamento de Ingeniería de Sistemas","4800","003195","Fundamentos de Programación","7780","5","Ordinaria","Teórico - Práctico","Activo","Abierto","N","N","Y","N","N","N","N"," 7:00:00.000000AM"," 9:00:00.000000AM","07/26/2010","12/04/2010","SC052-P420","25","20","20","","7"
"1030","PREG","DPT-ISIST","Departamento de Ingeniería de Sistemas","4800","004064","Gerencia y Gestión Informática","3886","1","Ordinaria","Teórico","Activo","Abierto","N","N","Y","N","N","N","N","11:00:00.000000AM"," 2:00:00.000000PM","07/26/2010","12/04/2010","SC002-P404","35","35","25","","18"
"1030","PREG","DPT-ISIST","Departamento de Ingeniería de Sistemas","4800","004064","Gerencia y Gestión Informática","3887","2","Ordinaria","Teórico","Sección Cancelada","Cerrado","","","","","","","","","","","","","","35","0","","0"
"1030","PREG","DPT-ISIST","Departamento de Ingeniería de Sistemas","4800","024135","Herramientas Educación Virtual","3862","1","Ordinaria","Teórico - Práctico","Activo","Cerrado","N","N","N","N","Y","N","N"," 7:00:00.000000AM"," 9:00:00.000000AM","07/26/2010","12/04/2010","NO-SALON","1000","20","20","","20"
"1030","PREG","DPT-ISIST","Departamento de Ingeniería de Sistemas","4800","025093","Hoja de Cálculo II","3852","1","Ordinaria","Teórico - Práctico","Activo","Abierto","Y","N","N","N","N","N","N","12:00:00.000000PM"," 2:00:00.000000PM","07/26/2010","12/04/2010","NO-SALON","1000","20","20","","18"
"1030","PREG","DPT-ISIST","Departamento de Ingeniería de Sistemas","4800","019589","Hoja de cálculo nivel avanzado","3910","1","Ordinaria","Teórico - Práctico","Activo","Abierto","N","N","Y","N","N","N","N"," 6:00:00.000000PM"," 8:00:00.000000PM","07/26/2010","12/04/2010","PC002-S108","20","20","20","","18"
"1030","PREG","DPT-ISIST","Departamento de Ingeniería de Sistemas","4800","019589","Hoja de cálculo nivel avanzado","3911","2","Ordinaria","Teórico - Práctico","Activo","Abierto","N","N","N","N","Y","N","N"," 9:00:00.000000AM","11:00:00.000000AM","07/26/2010","12/04/2010","PC002-S103","20","20","20","","18"
"1030","PREG","DPT-ISIST","Departamento de Ingeniería de Sistemas","4800","019589","Hoja de cálculo nivel avanzado","3912","3","Ordinaria","Teórico - Práctico","Activo","Abierto","N","N","Y","N","N","N","N","12:00:00.000000PM"," 2:00:00.000000PM","07/26/2010","12/04/2010","PC002-S102","20","20","20","","19"
"1030","PREG","DPT-ISIST","Departamento de Ingeniería de Sistemas","4800","019589","Hoja de cálculo nivel avanzado","3913","4","Ordinaria","Teórico - Práctico","Activo","Abierto","N","N","N","N","Y","N","N","12:00:00.000000PM"," 2:00:00.000000PM","07/26/2010","12/04/2010","PC002-S101","20","20","20","","16"
"1030","PREG","DPT-ISIST","Departamento de Ingeniería de Sistemas","4800","019589","Hoja de cálculo nivel avanzado","3917","5","Ordinaria","Teórico - Práctico","Activo","Abierto","N","Y","N","N","N","N","N"," 6:00:00.000000PM"," 8:00:00.000000PM","07/26/2010","12/04/2010","PC002-S108","20","20","20","","18"
"1030","PREG","DPT-ISIST","Departamento de Ingeniería de Sistemas","4800","019589","Hoja de cálculo nivel avanzado","3918","6","Ordinaria","Teórico - Práctico","Activo","Abierto","N","Y","N","N","N","N","N","12:00:00.000000PM"," 2:00:00.000000PM","07/26/2010","12/04/2010","PC002-S101","20","20","20","","16"
"1030","PREG","DPT-ISIST","Departamento de Ingeniería de Sistemas","4800","019589","Hoja de cálculo nivel avanzado","3926","7","Ordinaria","Teórico - Práctico","Activo","Abierto","N","N","N","Y","N","N","N"," 7:00:00.000000AM"," 9:00:00.000000AM","07/26/2010","12/04/2010","PC002-S104","20","20","20","","19"
"1030","PREG","DPT-ISIST","Departamento de Ingeniería de Sistemas","4800","019589","Hoja de cálculo nivel avanzado","10223","8","Ordinaria","Teórico - Práctico","Activo","Abierto","Y","N","N","N","N","N","N"," 8:00:00.000000PM","10:00:00.000000PM","07/26/2010","12/04/2010","PC002-S108","20","20","20","","16"
"1030","PREG","DPT-ISIST","Departamento de Ingeniería de Sistemas","4800","019589","Hoja de cálculo nivel avanzado","10224","9","Ordinaria","Teórico - Práctico","Activo","Abierto","N","N","N","N","Y","N","N"," 8:00:00.000000PM","10:00:00.000000PM","07/26/2010","12/04/2010","PC002-S108","20","20","20","","18"
"1030","PREG","DPT-ISIST","Departamento de Ingeniería de Sistemas","4800","019588","Hoja de cálculo nivel básico","3901","1","Ordinaria","Teórico - Práctico","Activo","Cerrado","Y","N","N","N","N","N","N"," 6:00:00.000000PM"," 8:00:00.000000PM","07/26/2010","12/04/2010","PC002-S101","20","20","20","","20"
"1030","PREG","DPT-ISIST","Departamento de Ingeniería de Sistemas","4800","019588","Hoja de cálculo nivel básico","3902","2","Ordinaria","Teórico - Práctico","Activo","Cerrado","N","N","N","Y","N","N","N"," 9:00:00.000000AM","11:00:00.000000AM","07/26/2010","12/04/2010","PC002-S101","20","20","20","","20"
"1030","PREG","DPT-ISIST","Departamento de Ingeniería de Sistemas","4800","019588","Hoja de cálculo nivel básico","3903","3","Ordinaria","Teórico - Práctico","Activo","Abierto","Y","N","N","N","N","N","N","12:00:00.000000PM"," 2:00:00.000000PM","07/26/2010","12/04/2010","PC002-S203","30","20","20","","19"
"1030","PREG","DPT-ISIST","Departamento de Ingeniería de Sistemas","4800","019588","Hoja de cálculo nivel básico","3904","4","Ordinaria","Teórico - Práctico","Activo","Abierto","N","N","N","N","Y","N","N"," 6:00:00.000000PM"," 8:00:00.000000PM","07/26/2010","12/04/2010","PC002-S104","20","20","20","","12"
"1030","PREG","DPT-ISIST","Departamento de Ingeniería de Sistemas","4800","019588","Hoja de cálculo nivel básico","3907","5","Ordinaria","Teórico - Práctico","Activo","Cerrado","N","N","N","Y","N","N","N"," 6:00:00.000000PM"," 8:00:00.000000PM","07/26/2010","12/04/2010","PC002-S104","20","20","20","","20"
"1030","PREG","DPT-ISIST","Departamento de Ingeniería de Sistemas","4800","019588","Hoja de cálculo nivel básico","3908","6","Ordinaria","Teórico - Práctico","Activo","Abierto","N","N","Y","N","N","N","N","12:00:00.000000PM"," 2:00:00.000000PM","07/26/2010","12/04/2010","PC002-S101","20","20","20","","19"
"1030","PREG","DPT-ISIST","Departamento de Ingeniería de Sistemas","4800","019588","Hoja de cálculo nivel básico","3920","7","Ordinaria","Teórico - Práctico","Activo","Cerrado","N","Y","N","N","N","N","N","12:00:00.000000PM"," 2:00:00.000000PM","07/26/2010","12/04/2010","PC002-S102","20","20","20","","20"
"1030","PREG","DPT-ISIST","Departamento de Ingeniería de Sistemas","4800","019588","Hoja de cálculo nivel básico","3924","8","Ordinaria","Teórico - Práctico","Activo","Abierto","N","N","N","Y","N","N","N","11:00:00.000000AM"," 1:00:00.000000PM","07/26/2010","12/04/2010","PC002-S102","20","20","20","","19"
"1030","PREG","DPT-ISIST","Departamento de Ingeniería de Sistemas","4800","019588","Hoja de cálculo nivel básico","3925","9","Ordinaria","Teórico - Práctico","Activo","Cerrado","N","N","N","N","Y","N","N"," 7:00:00.000000AM"," 9:00:00.000000AM","07/26/2010","12/04/2010","PC002-S101","20","20","20","","20"
"1030","PREG","DPT-ISIST","Departamento de Ingeniería de Sistemas","4800","019588","Hoja de cálculo nivel básico","3927","10","Ordinaria","Teórico - Práctico","Activo","Cerrado","N","Y","N","N","N","N","N"," 9:00:00.000000AM","11:00:00.000000AM","07/26/2010","12/04/2010","PC002-S101","20","20","20","","20"
"1030","PREG","DPT-ISIST","Departamento de Ingeniería de Sistemas","4800","004067","Informática Administradores","3776","1","Ordinaria","Laboratorio","Activo","Abierto","N","N","N","Y","N","N","N"," 2:00:00.000000PM"," 3:00:00.000000PM","07/26/2010","12/04/2010","PC002-S103","20","20","20","","19"
"1030","PREG","DPT-ISIST","Departamento de Ingeniería de Sistemas","4800","004067","Informática Administradores","3776","1","Ordinaria","Laboratorio","Activo","Abierto","N","Y","N","N","N","N","N"," 2:00:00.000000PM"," 4:00:00.000000PM","07/26/2010","12/04/2010","PC002-S104","20","20","20","","19"
"1030","PREG","DPT-ISIST","Departamento de Ingeniería de Sistemas","4800","004067","Informática Administradores","3787","2","Ordinaria","Laboratorio","Activo","Cerrado","N","N","Y","N","N","N","N"," 2:00:00.000000PM"," 4:00:00.000000PM","07/26/2010","12/04/2010","PC002-S103","20","20","20","","20"
"1030","PREG","DPT-ISIST","Departamento de Ingeniería de Sistemas","4800","004067","Informática Administradores","3787","2","Ordinaria","Laboratorio","Activo","Cerrado","Y","N","N","N","N","N","N"," 2:00:00.000000PM"," 3:00:00.000000PM","07/26/2010","12/04/2010","PC002-S105","20","20","20","","20"
"1030","PREG","DPT-ISIST","Departamento de Ingeniería de Sistemas","4800","004067","Informática Administradores","3789","3","Ordinaria","Laboratorio","Activo","Abierto","N","N","N","Y","N","N","N"," 2:00:00.000000PM"," 3:00:00.000000PM","07/26/2010","12/04/2010","PC002-S104","20","20","20","","16"
"1030","PREG","DPT-ISIST","Departamento de Ingeniería de Sistemas","4800","004067","Informática Administradores","3789","3","Ordinaria","Laboratorio","Activo","Abierto","N","Y","N","N","N","N","N"," 2:00:00.000000PM"," 4:00:00.000000PM","07/26/2010","12/04/2010","PC002-S105","20","20","20","","16"
"1030","PREG","DPT-ISIST","Departamento de Ingeniería de Sistemas","4800","004067","Informática Administradores","3794","4","Ordinaria","Laboratorio","Activo","Abierto","N","N","Y","N","N","N","N"," 2:00:00.000000PM"," 4:00:00.000000PM","07/26/2010","12/04/2010","PC002-S104","20","20","20","","16"
"1030","PREG","DPT-ISIST","Departamento de Ingeniería de Sistemas","4800","004067","Informática Administradores","3794","4","Ordinaria","Laboratorio","Activo","Abierto","Y","N","N","N","N","N","N"," 2:00:00.000000PM"," 3:00:00.000000PM","07/26/2010","12/04/2010","PC002-S104","20","20","20","","16"
"1030","PREG","DPT-ISIST","Departamento de Ingeniería de Sistemas","4800","004067","Informática Administradores","3796","5","Ordinaria","Laboratorio","Activo","Abierto","N","N","N","Y","N","N","N"," 2:00:00.000000PM"," 3:00:00.000000PM","07/26/2010","12/04/2010","PC002-S105","20","20","20","","16"
"1030","PREG","DPT-ISIST","Departamento de Ingeniería de Sistemas","4800","004067","Informática Administradores","3796","5","Ordinaria","Laboratorio","Activo","Abierto","N","Y","N","N","N","N","N"," 2:00:00.000000PM"," 4:00:00.000000PM","07/26/2010","12/04/2010","PC002-S106","20","20","20","","16"
"1030","PREG","DPT-ISIST","Departamento de Ingeniería de Sistemas","4800","004067","Informática Administradores","3797","6","Ordinaria","Laboratorio","Activo","Abierto","N","N","N","Y","N","N","N"," 2:00:00.000000PM"," 3:00:00.000000PM","07/26/2010","12/04/2010","PC002-S106","20","20","20","","16"
"1030","PREG","DPT-ISIST","Departamento de Ingeniería de Sistemas","4800","004067","Informática Administradores","3797","6","Ordinaria","Laboratorio","Activo","Abierto","N","Y","N","N","N","N","N"," 2:00:00.000000PM"," 4:00:00.000000PM","07/26/2010","12/04/2010","PC002-S107","20","20","20","","16"
"1030","PREG","DPT-ISIST","Departamento de Ingeniería de Sistemas","4800","004067","Informática Administradores","3798","7","Ordinaria","Laboratorio","Activo","Abierto","N","N","N","Y","N","N","N"," 2:00:00.000000PM"," 3:00:00.000000PM","07/26/2010","12/04/2010","PC002-S107","20","20","20","","11"
"1030","PREG","DPT-ISIST","Departamento de Ingeniería de Sistemas","4800","004067","Informática Administradores","3798","7","Ordinaria","Laboratorio","Activo","Abierto","N","Y","N","N","N","N","N"," 2:00:00.000000PM"," 4:00:00.000000PM","07/26/2010","12/04/2010","PC002-S108","20","20","20","","11"
"1030","PREG","DPT-ISIST","Departamento de Ingeniería de Sistemas","4800","004067","Informática Administradores","3799","8","Ordinaria","Laboratorio","Activo","Abierto","N","N","Y","N","N","N","N"," 2:00:00.000000PM"," 4:00:00.000000PM","07/26/2010","12/04/2010","PC002-S105","20","20","20","","14"
"1030","PREG","DPT-ISIST","Departamento de Ingeniería de Sistemas","4800","004067","Informática Administradores","3799","8","Ordinaria","Laboratorio","Activo","Abierto","Y","N","N","N","N","N","N"," 2:00:00.000000PM"," 3:00:00.000000PM","07/26/2010","12/04/2010","PC002-S106","20","20","20","","14"
"1030","PREG","DPT-ISIST","Departamento de Ingeniería de Sistemas","4800","004067","Informática Administradores","3801","9","Ordinaria","Laboratorio","Activo","Abierto","N","N","Y","N","N","N","N"," 2:00:00.000000PM"," 4:00:00.000000PM","07/26/2010","12/04/2010","PC002-S106","20","20","20","","7"
"1030","PREG","DPT-ISIST","Departamento de Ingeniería de Sistemas","4800","004067","Informática Administradores","3801","9","Ordinaria","Laboratorio","Activo","Abierto","Y","N","N","N","N","N","N"," 2:00:00.000000PM"," 3:00:00.000000PM","07/26/2010","12/04/2010","PC002-S108","20","20","20","","7"
"1030","PREG","DPT-ISIST","Departamento de Ingeniería de Sistemas","4800","004067","Informática Administradores","3802","10","Ordinaria","Laboratorio","Activo","Cerrado","N","N","Y","N","N","N","N"," 2:00:00.000000PM"," 4:00:00.000000PM","07/26/2010","12/04/2010","PC002-S107","20","20","20","","20"
"1030","PREG","DPT-ISIST","Departamento de Ingeniería de Sistemas","4800","004067","Informática Administradores","3802","10","Ordinaria","Laboratorio","Activo","Cerrado","Y","N","N","N","N","N","N"," 2:00:00.000000PM"," 3:00:00.000000PM","07/26/2010","12/04/2010","PC002-S204","20","20","20","","20"
"1030","PREG","DPT-ISIST","Departamento de Ingeniería de Sistemas","4800","004067","Informática Administradores","3807","11","Ordinaria","Laboratorio","Activo","Abierto","N","N","N","N","N","Y","N","11:00:00.000000AM"," 2:00:00.000000PM","07/26/2010","12/04/2010","PC002-S105","20","20","20","","18"
"1030","PREG","DPT-ISIST","Departamento de Ingeniería de Sistemas","4800","004067","Informática Administradores","3809","12","Ordinaria","Laboratorio","Activo","Abierto","N","N","N","N","N","Y","N","11:00:00.000000AM"," 2:00:00.000000PM","07/26/2010","12/04/2010","PC002-S106","20","20","20","","18"
"1030","PREG","DPT-ISIST","Departamento de Ingeniería de Sistemas","4800","004067","Informática Administradores","3811","13","Ordinaria","Laboratorio","Activo","Abierto","N","N","N","N","N","Y","N","11:00:00.000000AM"," 2:00:00.000000PM","07/26/2010","12/04/2010","PC002-S107","20","20","20","","17"
"1030","PREG","DPT-ISIST","Departamento de Ingeniería de Sistemas","4800","004067","Informática Administradores","3814","14","Ordinaria","Laboratorio","Sección Cancelada","Cerrado","","","","","","","","","","","","","","20","0","","0"
"1030","PREG","DPT-ISIST","Departamento de Ingeniería de Sistemas","4800","004070","Ingeniería de Software","3897","1","Ordinaria","Teórico","Activo","Abierto","N","N","N","Y","N","N","N","11:00:00.000000AM"," 1:00:00.000000PM","07/26/2010","12/04/2010","SA094-P305","30","30","20","","19"
"1030","PREG","DPT-ISIST","Departamento de Ingeniería de Sistemas","4800","004070","Ingeniería de Software","3897","1","Ordinaria","Teórico","Activo","Abierto","N","Y","N","N","N","N","N","11:00:00.000000AM"," 1:00:00.000000PM","07/26/2010","12/04/2010","SA094-P305","30","30","20","","19"
"1030","PREG","DPT-ISIST","Departamento de Ingeniería de Sistemas","4800","004070","Ingeniería de Software","3898","2","Ordinaria","Teórico","Activo","Abierto","N","N","N","N","Y","N","N"," 7:00:00.000000AM"," 9:00:00.000000AM","07/26/2010","12/04/2010","SA094-P304","30","30","18","","16"
"1030","PREG","DPT-ISIST","Departamento de Ingeniería de Sistemas","4800","004070","Ingeniería de Software","3898","2","Ordinaria","Teórico","Activo","Abierto","N","N","Y","N","N","N","N"," 7:00:00.000000AM"," 9:00:00.000000AM","07/26/2010","12/04/2010","SA094-P302","30","30","18","","16"
"1030","PREG","DPT-ISIST","Departamento de Ingeniería de Sistemas","4800","004189","Intro. Computación Gráfica","7754","1","Ordinaria","Teórico - Práctico","Activo","Abierto","N","N","N","N","Y","N","N"," 4:00:00.000000PM"," 5:00:00.000000PM","07/26/2010","12/04/2010","NO-SALON","1000","25","20","","16"
"1030","PREG","DPT-ISIST","Departamento de Ingeniería de Sistemas","4800","004189","Intro. Computación Gráfica","7754","1","Ordinaria","Teórico - Práctico","Activo","Abierto","N","N","Y","N","N","N","N"," 4:00:00.000000PM"," 6:00:00.000000PM","07/26/2010","12/04/2010","NO-SALON","1000","25","20","","16"
"1030","PREG","DPT-ISIST","Departamento de Ingeniería de Sistemas","4800","022586","Intro. Sistemas Distribuidos","7739","1","Ordinaria","Teórico - Práctico","Activo","Abierto","N","N","Y","N","N","N","N"," 9:00:00.000000AM","11:00:00.000000AM","07/26/2010","12/04/2010","SC052-P416","25","25","24","","23"
"1030","PREG","DPT-ISIST","Departamento de Ingeniería de Sistemas","4800","022586","Intro. Sistemas Distribuidos","7740","2","Ordinaria","Teórico - Práctico","Activo","Abierto","N","N","N","N","Y","N","N"," 9:00:00.000000AM","11:00:00.000000AM","07/26/2010","12/04/2010","SC003-P304","100","25","25","","8"
"1030","PREG","DPT-ISIST","Departamento de Ingeniería de Sistemas","4800","004071","Introducción Ing. de Sistemas","3905","1","Ordinaria","Teórico","Activo","Abierto","N","N","Y","N","N","N","N","11:00:00.000000AM"," 1:00:00.000000PM","07/26/2010","12/04/2010","SA094-P304","30","30","25","","11"
"1030","PREG","DPT-ISIST","Departamento de Ingeniería de Sistemas","4800","004071","Introducción Ing. de Sistemas","3905","1","Ordinaria","Teórico","Activo","Abierto","Y","N","N","N","N","N","N","11:00:00.000000AM"," 1:00:00.000000PM","07/26/2010","12/04/2010","SC052-P405","30","30","25","","11"
"1030","PREG","DPT-ISIST","Departamento de Ingeniería de Sistemas","4800","004071","Introducción Ing. de Sistemas","3906","2","Ordinaria","Teórico","Activo","Abierto","N","N","N","Y","N","N","N","11:00:00.000000AM"," 1:00:00.000000PM","07/26/2010","12/04/2010","SC052-P427","30","30","25","","16"
"1030","PREG","DPT-ISIST","Departamento de Ingeniería de Sistemas","4800","004071","Introducción Ing. de Sistemas","3906","2","Ordinaria","Teórico","Activo","Abierto","N","Y","N","N","N","N","N","11:00:00.000000AM"," 1:00:00.000000PM","07/26/2010","12/04/2010","SC051-P507","33","30","25","","16"
"1030","PREG","DPT-ISIST","Departamento de Ingeniería de Sistemas","4800","004079","Introducción Seg. Informática","7746","1","Ordinaria","Teórico","Activo","Abierto","N","Y","N","N","N","N","N"," 6:00:00.000000PM"," 9:00:00.000000PM","07/26/2010","12/04/2010","SC052-P403","25","25","20","","14"
"1030","PREG","DPT-ISIST","Departamento de Ingeniería de Sistemas","4800","004197","Introducción a  Bases de Datos","3867","1","Ordinaria","Teórico - Práctico","Activo","Abierto","Y","N","N","N","N","N","N"," 4:00:00.000000PM"," 6:00:00.000000PM","07/26/2010","12/04/2010","PC002-S103","20","20","20","","14"
"1030","PREG","DPT-ISIST","Departamento de Ingeniería de Sistemas","4800","004197","Introducción a  Bases de Datos","3869","2","Ordinaria","Teórico - Práctico","Activo","Cerrado","N","N","Y","N","N","N","N"," 6:00:00.000000PM"," 8:00:00.000000PM","07/26/2010","12/04/2010","PC002-S105","20","20","20","","20"
"1030","PREG","DPT-ISIST","Departamento de Ingeniería de Sistemas","4800","022567","Introducción a la Computación","3943","1","Ordinaria","Teórico - Práctico","Activo","Cerrado","N","N","Y","N","N","N","N"," 2:00:00.000000PM"," 4:00:00.000000PM","07/26/2010","12/04/2010","PC002-S108","20","20","20","","20"
"1030","PREG","DPT-ISIST","Departamento de Ingeniería de Sistemas","4800","004204","Lenguajes de Programación","7758","1","Ordinaria","Teórico - Práctico","Activo","Cerrado","N","Y","N","N","N","N","N"," 2:00:00.000000PM"," 5:00:00.000000PM","07/26/2010","12/04/2010","NO-SALON","1000","30","20","","20"
"1030","PREG","DPT-ISIST","Departamento de Ingeniería de Sistemas","4800","004204","Lenguajes de Programación","7759","2","Ordinaria","Teórico - Práctico","Activo","Abierto","N","Y","N","N","N","N","N"," 6:00:00.000000PM"," 9:00:00.000000PM","07/26/2010","12/04/2010","NO-SALON","1000","30","20","","14"
"1030","PREG","DPT-ISIST","Departamento de Ingeniería de Sistemas","4800","020836","Modelos E-Business","3947","1","Ordinaria","Teórico","Activo","Cerrado","N","N","N","Y","N","N","N"," 6:00:00.000000PM"," 8:00:00.000000PM","07/26/2010","12/04/2010","SC052-P420","25","20","0","","0"
"1030","PREG","DPT-ISIST","Departamento de Ingeniería de Sistemas","4800","020836","Modelos E-Business","3947","1","Ordinaria","Teórico","Activo","Cerrado","N","Y","N","N","N","N","N"," 6:00:00.000000PM"," 8:00:00.000000PM","07/26/2010","12/04/2010","SC052-P416","25","20","0","","0"
"1030","PREG","DPT-ISIST","Departamento de Ingeniería de Sistemas","4800","004206","Pensamiento Algorítmico","7789","1","Ordinaria","Teórico - Práctico","Activo","Abierto","N","N","N","N","Y","N","N"," 9:00:00.000000AM","11:00:00.000000AM","07/26/2010","12/04/2010","NO-SALON","1000","20","21","","19"
"1030","PREG","DPT-ISIST","Departamento de Ingeniería de Sistemas","4800","004206","Pensamiento Algorítmico","7789","1","Ordinaria","Teórico - Práctico","Activo","Abierto","N","N","Y","N","N","N","N"," 9:00:00.000000AM","11:00:00.000000AM","07/26/2010","12/04/2010","SC052-P425","25","20","21","","19"
"1030","PREG","DPT-ISIST","Departamento de Ingeniería de Sistemas","4800","004206","Pensamiento Algorítmico","7790","2","Ordinaria","Teórico - Práctico","Activo","Abierto","N","N","N","N","Y","N","N"," 9:00:00.000000AM","11:00:00.000000AM","07/26/2010","12/04/2010","NO-SALON","1000","20","21","","20"
"1030","PREG","DPT-ISIST","Departamento de Ingeniería de Sistemas","4800","004206","Pensamiento Algorítmico","7790","2","Ordinaria","Teórico - Práctico","Activo","Abierto","N","N","Y","N","N","N","N"," 9:00:00.000000AM","11:00:00.000000AM","07/26/2010","12/04/2010","SC052-P426","25","20","21","","20"
"1030","PREG","DPT-ISIST","Departamento de Ingeniería de Sistemas","4800","004206","Pensamiento Algorítmico","7791","3","Ordinaria","Teórico - Práctico","Activo","Cerrado","N","N","Y","N","N","N","N"," 6:00:00.000000PM"," 8:00:00.000000PM","07/26/2010","12/04/2010","NO-SALON","1000","20","20","","20"
"1030","PREG","DPT-ISIST","Departamento de Ingeniería de Sistemas","4800","004206","Pensamiento Algorítmico","7791","3","Ordinaria","Teórico - Práctico","Activo","Cerrado","Y","N","N","N","N","N","N"," 6:00:00.000000PM"," 8:00:00.000000PM","07/26/2010","12/04/2010","SC052-P418","25","20","20","","20"
"1030","PREG","DPT-ISIST","Departamento de Ingeniería de Sistemas","4800","004206","Pensamiento Algorítmico","7792","4","Ordinaria","Teórico - Práctico","Activo","Cerrado","N","N","N","Y","N","N","N"," 7:00:00.000000AM"," 9:00:00.000000AM","07/26/2010","12/04/2010","NO-SALON","1000","20","20","","20"
"1030","PREG","DPT-ISIST","Departamento de Ingeniería de Sistemas","4800","004206","Pensamiento Algorítmico","7792","4","Ordinaria","Teórico - Práctico","Activo","Cerrado","N","Y","N","N","N","N","N"," 7:00:00.000000AM"," 9:00:00.000000AM","07/26/2010","12/04/2010","SC052-P420","25","20","20","","20"
"1030","PREG","DPT-ISIST","Departamento de Ingeniería de Sistemas","4800","004206","Pensamiento Algorítmico","7793","5","Ordinaria","Teórico - Práctico","Activo","Cerrado","N","N","N","Y","N","N","N"," 6:00:00.000000PM"," 8:00:00.000000PM","07/26/2010","12/04/2010","NO-SALON","1000","20","20","","20"
"1030","PREG","DPT-ISIST","Departamento de Ingeniería de Sistemas","4800","004206","Pensamiento Algorítmico","7793","5","Ordinaria","Teórico - Práctico","Activo","Cerrado","N","Y","N","N","N","N","N"," 6:00:00.000000PM"," 8:00:00.000000PM","07/26/2010","12/04/2010","SC052-P420","25","20","20","","20"
"1030","PREG","DPT-ISIST","Departamento de Ingeniería de Sistemas","4800","004206","Pensamiento Algorítmico","7794","6","Ordinaria","Teórico - Práctico","Activo","Abierto","N","N","N","Y","N","N","N"," 6:00:00.000000PM"," 8:00:00.000000PM","07/26/2010","12/04/2010","NO-SALON","1000","20","20","","19"
"1030","PREG","DPT-ISIST","Departamento de Ingeniería de Sistemas","4800","004206","Pensamiento Algorítmico","7794","6","Ordinaria","Teórico - Práctico","Activo","Abierto","N","Y","N","N","N","N","N"," 6:00:00.000000PM"," 8:00:00.000000PM","07/26/2010","12/04/2010","SC052-P424","25","20","20","","19"
"1030","PREG","DPT-ISIST","Departamento de Ingeniería de Sistemas","4800","004206","Pensamiento Algorítmico","7795","7","Ordinaria","Teórico - Práctico","Activo","Abierto","N","N","N","Y","N","N","N"," 6:00:00.000000PM"," 8:00:00.000000PM","07/26/2010","12/04/2010","SC052-P425","25","20","20","","17"
"1030","PREG","DPT-ISIST","Departamento de Ingeniería de Sistemas","4800","004206","Pensamiento Algorítmico","7795","7","Ordinaria","Teórico - Práctico","Activo","Abierto","N","Y","N","N","N","N","N"," 6:00:00.000000PM"," 8:00:00.000000PM","07/26/2010","12/04/2010","NO-SALON","1000","20","20","","17"
"1030","PREG","DPT-ISIST","Departamento de Ingeniería de Sistemas","4800","004206","Pensamiento Algorítmico","7796","8","Ordinaria","Teórico - Práctico","Activo","Abierto","N","N","Y","N","N","N","N"," 7:00:00.000000AM"," 9:00:00.000000AM","07/26/2010","12/04/2010","NO-SALON","1000","20","20","","19"
"1030","PREG","DPT-ISIST","Departamento de Ingeniería de Sistemas","4800","004206","Pensamiento Algorítmico","7796","8","Ordinaria","Teórico - Práctico","Activo","Abierto","Y","N","N","N","N","N","N"," 7:00:00.000000AM"," 9:00:00.000000AM","07/26/2010","12/04/2010","SC052-P424","25","20","20","","19"
"1030","PREG","DPT-ISIST","Departamento de Ingeniería de Sistemas","4800","004206","Pensamiento Algorítmico","7797","9","Ordinaria","Teórico - Práctico","Activo","Abierto","N","N","Y","N","N","N","N"," 7:00:00.000000AM"," 9:00:00.000000AM","07/26/2010","12/04/2010","NO-SALON","1000","20","20","","19"
"1030","PREG","DPT-ISIST","Departamento de Ingeniería de Sistemas","4800","004206","Pensamiento Algorítmico","7797","9","Ordinaria","Teórico - Práctico","Activo","Abierto","Y","N","N","N","N","N","N"," 7:00:00.000000AM"," 9:00:00.000000AM","07/26/2010","12/04/2010","SC052-P425","25","20","20","","19"
"1030","PREG","DPT-ISIST","Departamento de Ingeniería de Sistemas","4800","004206","Pensamiento Algorítmico","7798","10","Ordinaria","Teórico - Práctico","Activo","Cerrado","N","N","Y","N","N","N","N"," 7:00:00.000000AM"," 9:00:00.000000AM","07/26/2010","12/04/2010","NO-SALON","1000","20","20","","20"
"1030","PREG","DPT-ISIST","Departamento de Ingeniería de Sistemas","4800","004206","Pensamiento Algorítmico","7798","10","Ordinaria","Teórico - Práctico","Activo","Cerrado","Y","N","N","N","N","N","N"," 7:00:00.000000AM"," 9:00:00.000000AM","07/26/2010","12/04/2010","SC052-P426","25","20","20","","20"
"1030","PREG","DPT-ISIST","Departamento de Ingeniería de Sistemas","4800","004206","Pensamiento Algorítmico","7799","11","Ordinaria","Teórico - Práctico","Activo","Cerrado","N","N","N","N","Y","N","N"," 7:00:00.000000AM"," 9:00:00.000000AM","07/26/2010","12/04/2010","NO-SALON","1000","20","20","","20"
"1030","PREG","DPT-ISIST","Departamento de Ingeniería de Sistemas","4800","004206","Pensamiento Algorítmico","7799","11","Ordinaria","Teórico - Práctico","Activo","Cerrado","N","N","Y","N","N","N","N"," 7:00:00.000000AM"," 9:00:00.000000AM","07/26/2010","12/04/2010","SC052-P424","25","20","20","","20"
"1030","PREG","DPT-ISIST","Departamento de Ingeniería de Sistemas","4800","004206","Pensamiento Algorítmico","7800","12","Ordinaria","Teórico - Práctico","Activo","Cerrado","N","N","N","Y","N","N","N"," 7:00:00.000000AM"," 9:00:00.000000AM","07/26/2010","12/04/2010","SC052-P424","25","20","21","","21"
"1030","PREG","DPT-ISIST","Departamento de Ingeniería de Sistemas","4800","004206","Pensamiento Algorítmico","7800","12","Ordinaria","Teórico - Práctico","Activo","Cerrado","N","Y","N","N","N","N","N"," 7:00:00.000000AM"," 9:00:00.000000AM","07/26/2010","12/04/2010","NO-SALON","1000","20","21","","21"
"1030","PREG","DPT-ISIST","Departamento de Ingeniería de Sistemas","4800","004206","Pensamiento Algorítmico","7801","13","Ordinaria","Teórico - Práctico","Activo","Abierto","N","N","N","Y","N","N","N"," 7:00:00.000000AM"," 9:00:00.000000AM","07/26/2010","12/04/2010","SC052-P425","25","20","20","","19"
"1030","PREG","DPT-ISIST","Departamento de Ingeniería de Sistemas","4800","004206","Pensamiento Algorítmico","7801","13","Ordinaria","Teórico - Práctico","Activo","Abierto","N","Y","N","N","N","N","N"," 7:00:00.000000AM"," 9:00:00.000000AM","07/26/2010","12/04/2010","NO-SALON","1000","20","20","","19"
"1030","PREG","DPT-ISIST","Departamento de Ingeniería de Sistemas","4800","004206","Pensamiento Algorítmico","7802","14","Ordinaria","Teórico - Práctico","Activo","Abierto","N","N","Y","N","N","N","N"," 6:00:00.000000PM"," 8:00:00.000000PM","07/26/2010","12/04/2010","SC052-P418","25","20","20","","19"
"1030","PREG","DPT-ISIST","Departamento de Ingeniería de Sistemas","4800","004206","Pensamiento Algorítmico","7802","14","Ordinaria","Teórico - Práctico","Activo","Abierto","Y","N","N","N","N","N","N"," 6:00:00.000000PM"," 8:00:00.000000PM","07/26/2010","12/04/2010","NO-SALON","1000","20","20","","19"
"1030","PREG","DPT-ISIST","Departamento de Ingeniería de Sistemas","4800","004206","Pensamiento Algorítmico","7803","15","Ordinaria","Teórico - Práctico","Activo","Abierto","N","N","Y","N","N","N","N"," 6:00:00.000000PM"," 8:00:00.000000PM","07/26/2010","12/04/2010","SC052-P420","25","20","20","","17"
"1030","PREG","DPT-ISIST","Departamento de Ingeniería de Sistemas","4800","004206","Pensamiento Algorítmico","7803","15","Ordinaria","Teórico - Práctico","Activo","Abierto","Y","N","N","N","N","N","N"," 6:00:00.000000PM"," 8:00:00.000000PM","07/26/2010","12/04/2010","NO-SALON","1000","20","20","","17"
"1030","PREG","DPT-ISIST","Departamento de Ingeniería de Sistemas","4800","004206","Pensamiento Algorítmico","7804","16","Ordinaria","Teórico - Práctico","Activo","Abierto","N","N","Y","N","N","N","N"," 6:00:00.000000PM"," 8:00:00.000000PM","07/26/2010","12/04/2010","SC052-P424","25","20","20","","19"
"1030","PREG","DPT-ISIST","Departamento de Ingeniería de Sistemas","4800","004206","Pensamiento Algorítmico","7804","16","Ordinaria","Teórico - Práctico","Activo","Abierto","Y","N","N","N","N","N","N"," 6:00:00.000000PM"," 8:00:00.000000PM","07/26/2010","12/04/2010","NO-SALON","1000","20","20","","19"
"1030","PREG","DPT-ISIST","Departamento de Ingeniería de Sistemas","4800","004206","Pensamiento Algorítmico","7805","17","Ordinaria","Teórico - Práctico","Activo","Cerrado","N","N","Y","N","N","N","N"," 7:00:00.000000AM"," 9:00:00.000000AM","07/26/2010","12/04/2010","SC052-P425","25","20","20","","20"
"1030","PREG","DPT-ISIST","Departamento de Ingeniería de Sistemas","4800","004206","Pensamiento Algorítmico","7805","17","Ordinaria","Teórico - Práctico","Activo","Cerrado","Y","N","N","N","N","N","N"," 7:00:00.000000AM"," 9:00:00.000000AM","07/26/2010","12/04/2010","NO-SALON","1000","20","20","","20"
"1030","PREG","DPT-ISIST","Departamento de Ingeniería de Sistemas","4800","004206","Pensamiento Algorítmico","7806","18","Ordinaria","Teórico - Práctico","Activo","Abierto","N","N","Y","N","N","N","N"," 7:00:00.000000AM"," 9:00:00.000000AM","07/26/2010","12/04/2010","SC052-P426","25","20","20","","18"
"1030","PREG","DPT-ISIST","Departamento de Ingeniería de Sistemas","4800","004206","Pensamiento Algorítmico","7806","18","Ordinaria","Teórico - Práctico","Activo","Abierto","Y","N","N","N","N","N","N"," 7:00:00.000000AM"," 9:00:00.000000AM","07/26/2010","12/04/2010","NO-SALON","1000","20","20","","18"
"1030","PREG","DPT-ISIST","Departamento de Ingeniería de Sistemas","4800","004206","Pensamiento Algorítmico","7807","19","Ordinaria","Teórico - Práctico","Activo","Abierto","N","N","Y","N","N","N","N"," 7:00:00.000000AM"," 9:00:00.000000AM","07/26/2010","12/04/2010","SC052-P428","25","20","20","","19"
"1030","PREG","DPT-ISIST","Departamento de Ingeniería de Sistemas","4800","004206","Pensamiento Algorítmico","7807","19","Ordinaria","Teórico - Práctico","Activo","Abierto","Y","N","N","N","N","N","N"," 7:00:00.000000AM"," 9:00:00.000000AM","07/26/2010","12/04/2010","NO-SALON","1000","20","20","","19"
"1030","PREG","DPT-ISIST","Departamento de Ingeniería de Sistemas","4800","004206","Pensamiento Algorítmico","7808","20","Ordinaria","Teórico - Práctico","Activo","Cerrado","N","N","Y","N","N","N","N"," 7:00:00.000000AM"," 9:00:00.000000AM","07/26/2010","12/04/2010","SC009-P105","31","20","20","","20"
"1030","PREG","DPT-ISIST","Departamento de Ingeniería de Sistemas","4800","004206","Pensamiento Algorítmico","7808","20","Ordinaria","Teórico - Práctico","Activo","Cerrado","Y","N","N","N","N","N","N"," 7:00:00.000000AM"," 9:00:00.000000AM","07/26/2010","12/04/2010","NO-SALON","1000","20","20","","20"
"1030","PREG","DPT-ISIST","Departamento de Ingeniería de Sistemas","4800","004206","Pensamiento Algorítmico","7809","21","Ordinaria","Teórico - Práctico","Activo","Abierto","N","N","Y","N","N","N","N"," 9:00:00.000000AM","11:00:00.000000AM","07/26/2010","12/04/2010","SC052-P428","25","20","21","","19"
"1030","PREG","DPT-ISIST","Departamento de Ingeniería de Sistemas","4800","004206","Pensamiento Algorítmico","7809","21","Ordinaria","Teórico - Práctico","Activo","Abierto","Y","N","N","N","N","N","N"," 9:00:00.000000AM","11:00:00.000000AM","07/26/2010","12/04/2010","NO-SALON","1000","20","21","","19"
"1030","PREG","DPT-ISIST","Departamento de Ingeniería de Sistemas","4800","004206","Pensamiento Algorítmico","7810","22","Ordinaria","Teórico - Práctico","Activo","Abierto","N","N","N","Y","N","N","N"," 9:00:00.000000AM","11:00:00.000000AM","07/26/2010","12/04/2010","SA067-P706","24","20","20","","18"
"1030","PREG","DPT-ISIST","Departamento de Ingeniería de Sistemas","4800","004206","Pensamiento Algorítmico","7810","22","Ordinaria","Teórico - Práctico","Activo","Abierto","N","Y","N","N","N","N","N"," 9:00:00.000000AM","11:00:00.000000AM","07/26/2010","12/04/2010","NO-SALON","1000","20","20","","18"
"1030","PREG","DPT-ISIST","Departamento de Ingeniería de Sistemas","4800","004206","Pensamiento Algorítmico","10218","23","Ordinaria","Teórico - Práctico","Activo","Abierto","N","N","N","Y","N","N","N"," 4:00:00.000000PM"," 6:00:00.000000PM","07/26/2010","12/04/2010","NO-SALON","1000","20","21","","20"
"1030","PREG","DPT-ISIST","Departamento de Ingeniería de Sistemas","4800","004206","Pensamiento Algorítmico","10218","23","Ordinaria","Teórico - Práctico","Activo","Abierto","N","Y","N","N","N","N","N"," 4:00:00.000000PM"," 6:00:00.000000PM","07/26/2010","12/04/2010","SC051-P337","23","20","21","","20"
"1030","PREG","DPT-ISIST","Departamento de Ingeniería de Sistemas","4800","004206","Pensamiento Algorítmico","10596","24","Ordinaria","Teórico - Práctico","Activo","Cerrado","N","N","N","N","Y","N","N"," 7:00:00.000000AM","11:00:00.000000AM","07/26/2010","12/04/2010","NO-SALON","1000","20","0","","0"
"1030","PREG","DPT-ISIST","Departamento de Ingeniería de Sistemas","4800","004075","Pensamiento Sistémico","3914","1","Ordinaria","Teórico","Activo","Abierto","N","N","N","N","Y","N","N"," 9:00:00.000000AM","11:00:00.000000AM","07/26/2010","12/04/2010","SC052-P401","30","30","20","","19"
"1030","PREG","DPT-ISIST","Departamento de Ingeniería de Sistemas","4800","004075","Pensamiento Sistémico","3914","1","Ordinaria","Teórico","Activo","Abierto","N","N","Y","N","N","N","N"," 9:00:00.000000AM","11:00:00.000000AM","07/26/2010","12/04/2010","SC052-P406","30","30","20","","19"
"1030","PREG","DPT-ISIST","Departamento de Ingeniería de Sistemas","4800","004075","Pensamiento Sistémico","3915","2","Ordinaria","Teórico","Activo","Abierto","N","N","N","Y","N","N","N"," 9:00:00.000000AM","11:00:00.000000AM","07/26/2010","12/04/2010","SA094-P305","30","30","20","","12"
"1030","PREG","DPT-ISIST","Departamento de Ingeniería de Sistemas","4800","004075","Pensamiento Sistémico","3915","2","Ordinaria","Teórico","Activo","Abierto","N","Y","N","N","N","N","N"," 9:00:00.000000AM","11:00:00.000000AM","07/26/2010","12/04/2010","SC067-P308","60","30","20","","12"
"1030","PREG","DPT-ISIST","Departamento de Ingeniería de Sistemas","4800","021780","Person.Info.Amb.Nómadas","3945","1","Ordinaria","Teórico - Práctico","Activo","Abierto","N","N","N","Y","N","N","N"," 9:00:00.000000AM","11:00:00.000000AM","07/26/2010","12/04/2010","SC002-P204","35","20","20","","18"
"1030","PREG","DPT-ISIST","Departamento de Ingeniería de Sistemas","4800","021780","Person.Info.Amb.Nómadas","3945","1","Ordinaria","Teórico - Práctico","Activo","Abierto","N","Y","N","N","N","N","N"," 9:00:00.000000AM","11:00:00.000000AM","07/26/2010","12/04/2010","SC051-P333","24","20","20","","18"
"1030","PREG","DPT-ISIST","Departamento de Ingeniería de Sistemas","4800","022571","Presentaciones Multimedia","3944","1","Ordinaria","Teórico - Práctico","Activo","Abierto","N","N","Y","N","N","N","N"," 4:00:00.000000PM"," 6:00:00.000000PM","07/26/2010","12/04/2010","PC002-S102","20","20","20","","19"
"1030","PREG","DPT-ISIST","Departamento de Ingeniería de Sistemas","4800","004216","Procesamiento Imag. Satélite","3946","1","Ordinaria","Teórico - Práctico","Activo","Abierto","N","N","N","Y","N","N","N","11:00:00.000000AM"," 1:00:00.000000PM","07/26/2010","12/04/2010","SC052-P429","30","30","18","","16"
"1030","PREG","DPT-ISIST","Departamento de Ingeniería de Sistemas","4800","004216","Procesamiento Imag. Satélite","3946","1","Ordinaria","Teórico - Práctico","Activo","Abierto","N","Y","N","N","N","N","N","11:00:00.000000AM"," 1:00:00.000000PM","07/26/2010","12/04/2010","SC053-P102","60","30","18","","16"
"1030","PREG","DPT-ISIST","Departamento de Ingeniería de Sistemas","4800","004208","Prog. Orientada Objetos","7761","1","Ordinaria","Teórico - Práctico","Activo","Abierto","N","N","N","N","Y","N","N"," 9:00:00.000000AM","11:00:00.000000AM","07/26/2010","12/04/2010","NO-SALON","1000","20","20","","15"
"1030","PREG","DPT-ISIST","Departamento de Ingeniería de Sistemas","4800","004208","Prog. Orientada Objetos","7761","1","Ordinaria","Teórico - Práctico","Activo","Abierto","N","N","Y","N","N","N","N"," 9:00:00.000000AM","11:00:00.000000AM","07/26/2010","12/04/2010","SC003-P309","50","20","20","","15"
"1030","PREG","DPT-ISIST","Departamento de Ingeniería de Sistemas","4800","004208","Prog. Orientada Objetos","7762","2","Ordinaria","Teórico - Práctico","Activo","Abierto","N","N","N","Y","N","N","N"," 9:00:00.000000AM","11:00:00.000000AM","07/26/2010","12/04/2010","NO-SALON","1000","20","15","","8"
"1030","PREG","DPT-ISIST","Departamento de Ingeniería de Sistemas","4800","004208","Prog. Orientada Objetos","7762","2","Ordinaria","Teórico - Práctico","Activo","Abierto","N","Y","N","N","N","N","N"," 9:00:00.000000AM","11:00:00.000000AM","07/26/2010","12/04/2010","SC052-P410","25","20","15","","8"
"1030","PREG","DPT-ISIST","Departamento de Ingeniería de Sistemas","4800","004208","Prog. Orientada Objetos","7763","3","Ordinaria","Teórico - Práctico","Activo","Abierto","N","N","N","Y","N","N","N"," 7:00:00.000000AM"," 9:00:00.000000AM","07/26/2010","12/04/2010","NO-SALON","1000","20","20","","15"
"1030","PREG","DPT-ISIST","Departamento de Ingeniería de Sistemas","4800","004208","Prog. Orientada Objetos","7763","3","Ordinaria","Teórico - Práctico","Activo","Abierto","N","Y","N","N","N","N","N"," 7:00:00.000000AM"," 9:00:00.000000AM","07/26/2010","12/04/2010","SC052-P416","25","20","20","","15"
"1030","PREG","DPT-ISIST","Departamento de Ingeniería de Sistemas","4800","004210","Programación de Computadores","7767","1","Ordinaria","Teórico - Práctico","Activo","Abierto","N","N","N","N","Y","N","N"," 7:00:00.000000AM"," 9:00:00.000000AM","07/26/2010","12/04/2010","NO-SALON","1000","25","20","","17"
"1030","PREG","DPT-ISIST","Departamento de Ingeniería de Sistemas","4800","004210","Programación de Computadores","7767","1","Ordinaria","Teórico - Práctico","Activo","Abierto","N","N","Y","N","N","N","N"," 7:00:00.000000AM"," 9:00:00.000000AM","07/26/2010","12/04/2010","SC052-P418","25","25","20","","17"
"1030","PREG","DPT-ISIST","Departamento de Ingeniería de Sistemas","4800","004210","Programación de Computadores","7768","2","Ordinaria","Teórico - Práctico","Activo","Abierto","N","N","N","Y","N","N","N"," 9:00:00.000000AM","11:00:00.000000AM","07/26/2010","12/04/2010","NO-SALON","1000","20","20","","16"
"1030","PREG","DPT-ISIST","Departamento de Ingeniería de Sistemas","4800","004210","Programación de Computadores","7768","2","Ordinaria","Teórico - Práctico","Activo","Abierto","N","Y","N","N","N","N","N"," 9:00:00.000000AM","11:00:00.000000AM","07/26/2010","12/04/2010","SC052-P414","25","20","20","","16"
"1030","PREG","DPT-ISIST","Departamento de Ingeniería de Sistemas","4800","004210","Programación de Computadores","7769","3","Ordinaria","Teórico - Práctico","Activo","Abierto","N","N","N","Y","N","N","N"," 7:00:00.000000AM"," 9:00:00.000000AM","07/26/2010","12/04/2010","NO-SALON","1000","20","20","","10"
"1030","PREG","DPT-ISIST","Departamento de Ingeniería de Sistemas","4800","004210","Programación de Computadores","7769","3","Ordinaria","Teórico - Práctico","Activo","Abierto","N","Y","N","N","N","N","N"," 7:00:00.000000AM"," 9:00:00.000000AM","07/26/2010","12/04/2010","SC052-P418","25","20","20","","10"
"1030","PREG","DPT-ISIST","Departamento de Ingeniería de Sistemas","4800","004212","Programación en la Web","7774","1","Ordinaria","Teórico - Práctico","Activo","Abierto","N","N","Y","N","N","N","N"," 2:00:00.000000PM"," 5:00:00.000000PM","07/26/2010","12/04/2010","NO-SALON","1000","30","20","","15"
"1030","PREG","DPT-ISIST","Departamento de Ingeniería de Sistemas","4800","015841","Proyecto Especial ISistemas","5265","1","Ordinaria","Proyecto","Activo","Abierto","N","N","N","N","Y","N","N"," 6:00:00.000000PM"," 9:00:00.000000PM","07/26/2010","12/04/2010","NO-SALON","1000","10","10","","0"
"1030","PREG","DPT-ISIST","Departamento de Ingeniería de Sistemas","4800","015841","Proyecto Especial ISistemas","5266","2","Ordinaria","Proyecto","Activo","Cerrado","N","N","N","N","Y","N","N"," 6:00:00.000000PM"," 9:00:00.000000PM","07/26/2010","12/04/2010","NO-SALON","1000","10","4","","4"
"1030","PREG","DPT-ISIST","Departamento de Ingeniería de Sistemas","4800","015841","Proyecto Especial ISistemas","5267","3","Ordinaria","Proyecto","Activo","Abierto","N","N","N","N","Y","N","N"," 6:00:00.000000PM"," 9:00:00.000000PM","07/26/2010","12/04/2010","NO-SALON","1000","10","5","","4"
"1030","PREG","DPT-ISIST","Departamento de Ingeniería de Sistemas","4800","005100","Pry. Social Univers. ISist","5264","1","Ordinaria","Trabajo Campo","Activo","Abierto","N","N","N","N","N","Y","N"," 2:00:00.000000PM"," 5:00:00.000000PM","07/26/2010","12/04/2010","NO-SALON","1000","20","20","","9"
"1030","PREG","DPT-ISIST","Departamento de Ingeniería de Sistemas","4800","005100","Pry. Social Univers. ISist","5264","1","Ordinaria","Trabajo Campo","Activo","Abierto","N","N","Y","N","N","N","N"," 2:00:00.000000PM"," 4:00:00.000000PM","07/26/2010","12/04/2010","NO-SALON","1000","20","20","","9"
"1030","PREG","DPT-ISIST","Departamento de Ingeniería de Sistemas","4800","005103","Práctica Profesional II ISist","5263","1","Ordinaria","Trabajo Campo","Activo","Abierto","N","N","N","N","N","Y","N","12:00:00.000000PM"," 2:00:00.000000PM","07/26/2010","12/04/2010","NO-SALON","1000","5","5","","0"
"1030","PREG","DPT-ISIST","Departamento de Ingeniería de Sistemas","4800","005103","Práctica Profesional II ISist","5263","1","Ordinaria","Trabajo Campo","Activo","Abierto","N","N","N","N","Y","N","N"," 6:00:00.000000PM"," 8:00:00.000000PM","07/26/2010","12/04/2010","NO-SALON","1000","5","5","","0"
"1030","PREG","DPT-ISIST","Departamento de Ingeniería de Sistemas","4800","005103","Práctica Profesional II ISist","5263","1","Ordinaria","Trabajo Campo","Activo","Abierto","Y","N","N","N","N","N","N"," 6:00:00.000000PM"," 8:00:00.000000PM","07/26/2010","12/04/2010","NO-SALON","1000","5","5","","0"
"1030","PREG","DPT-ISIST","Departamento de Ingeniería de Sistemas","4800","005102","Práctica Profesional ISistemas","5262","1","Ordinaria","Salida de Campo","Activo","Abierto","N","N","N","N","N","Y","N","12:00:00.000000PM"," 2:00:00.000000PM","07/26/2010","12/04/2010","NO-SALON","1000","15","15","","10"
"1030","PREG","DPT-ISIST","Departamento de Ingeniería de Sistemas","4800","005102","Práctica Profesional ISistemas","5262","1","Ordinaria","Salida de Campo","Activo","Abierto","N","N","N","N","Y","N","N"," 6:00:00.000000PM"," 8:00:00.000000PM","07/26/2010","12/04/2010","NO-SALON","1000","15","15","","10"
"1030","PREG","DPT-ISIST","Departamento de Ingeniería de Sistemas","4800","005102","Práctica Profesional ISistemas","5262","1","Ordinaria","Salida de Campo","Activo","Abierto","Y","N","N","N","N","N","N"," 6:00:00.000000PM"," 8:00:00.000000PM","07/26/2010","12/04/2010","NO-SALON","1000","15","15","","10"
"1030","PREG","DPT-ISIST","Departamento de Ingeniería de Sistemas","4800","015838","Seminario Metod. Investigación","3919","1","Ordinaria","Seminario","Activo","Abierto","N","N","N","Y","N","N","N"," 2:00:00.000000PM"," 4:00:00.000000PM","07/26/2010","12/04/2010","SC067-P202","30","30","20","","15"
"1030","PREG","DPT-ISIST","Departamento de Ingeniería de Sistemas","4800","004084","Sistemas Inteligentes","7781","1","Ordinaria","Teórico - Práctico","Activo","Abierto","N","N","N","Y","N","N","N","12:00:00.000000PM"," 1:00:00.000000PM","07/26/2010","12/04/2010","SC003-P304","100","25","20","","9"
"1030","PREG","DPT-ISIST","Departamento de Ingeniería de Sistemas","4800","004084","Sistemas Inteligentes","7781","1","Ordinaria","Teórico - Práctico","Activo","Abierto","N","Y","N","N","N","N","N","11:00:00.000000AM"," 1:00:00.000000PM","07/26/2010","12/04/2010","SC003-P304","100","25","20","","9"
"1030","PREG","DPT-ISIST","Departamento de Ingeniería de Sistemas","4800","004085","Sistemas Operativos","7741","1","Ordinaria","Teórico","Activo","Abierto","N","N","N","Y","N","N","N"," 4:00:00.000000PM"," 6:00:00.000000PM","07/26/2010","12/04/2010","SC003-P502","50","25","20","","19"
"1030","PREG","DPT-ISIST","Departamento de Ingeniería de Sistemas","4800","004085","Sistemas Operativos","7742","2","Ordinaria","Práctico","Activo","Abierto","N","Y","N","N","N","N","N"," 4:00:00.000000PM"," 5:00:00.000000PM","07/26/2010","12/04/2010","NO-SALON","1000","25","20","","19"
"1030","PREG","DPT-ISIST","Departamento de Ingeniería de Sistemas","4800","004085","Sistemas Operativos","7743","3","Ordinaria","Teórico","Activo","Cerrado","N","N","Y","N","N","N","N","11:00:00.000000AM"," 1:00:00.000000PM","07/26/2010","12/04/2010","SC003-P404","20","25","19","","19"
"1030","PREG","DPT-ISIST","Departamento de Ingeniería de Sistemas","4800","004085","Sistemas Operativos","7744","4","Ordinaria","Práctico","Activo","Abierto","Y","N","N","N","N","N","N","11:00:00.000000AM"," 1:00:00.000000PM","07/26/2010","12/04/2010","NO-SALON","1000","25","20","","19"
"1030","PREG","DPT-ISIST","Departamento de Ingeniería de Sistemas","4800","004082","Sistemas de Información","3922","1","Ordinaria","Teórico","Activo","Abierto","N","N","N","N","Y","N","N"," 7:00:00.000000AM"," 9:00:00.000000AM","07/26/2010","12/04/2010","SA094-P305","30","30","23","","22"
"1030","PREG","DPT-ISIST","Departamento de Ingeniería de Sistemas","4800","004082","Sistemas de Información","3922","1","Ordinaria","Teórico","Activo","Abierto","N","N","Y","N","N","N","N"," 7:00:00.000000AM"," 9:00:00.000000AM","07/26/2010","12/04/2010","SA094-P303","30","30","23","","22"
"1030","PREG","DPT-ISIST","Departamento de Ingeniería de Sistemas","4800","004082","Sistemas de Información","3923","2","Ordinaria","Teórico","Sección Cancelada","Cerrado","","","","","","","","","","","","","","30","20","","0"
"1030","PREG","DPT-ISIST","Departamento de Ingeniería de Sistemas","4800","004086","Tecnología Aplicad Información","3928","1","Ordinaria","Teórico - Práctico","Activo","Cerrado","N","N","N","Y","N","N","N","11:00:00.000000AM"," 2:00:00.000000PM","07/26/2010","12/04/2010","PC002-S103","20","20","20","","20"
"1030","PREG","DPT-ISIST","Departamento de Ingeniería de Sistemas","4800","004086","Tecnología Aplicad Información","3929","2","Ordinaria","Teórico - Práctico","Activo","Abierto","N","N","N","Y","N","N","N","11:00:00.000000AM"," 2:00:00.000000PM","07/26/2010","12/04/2010","PC002-S104","20","20","20","","19"
"1030","PREG","DPT-ISIST","Departamento de Ingeniería de Sistemas","4800","004086","Tecnología Aplicad Información","3930","3","Ordinaria","Teórico - Práctico","Activo","Abierto","N","N","N","Y","N","N","N","11:00:00.000000AM"," 2:00:00.000000PM","07/26/2010","12/04/2010","PC002-S105","20","20","20","","19"
"1030","PREG","DPT-ISIST","Departamento de Ingeniería de Sistemas","4800","004086","Tecnología Aplicad Información","3931","4","Ordinaria","Teórico - Práctico","Activo","Abierto","N","N","N","Y","N","N","N","11:00:00.000000AM"," 2:00:00.000000PM","07/26/2010","12/04/2010","PC002-S106","20","20","20","","17"
"1030","PREG","DPT-ISIST","Departamento de Ingeniería de Sistemas","4800","004086","Tecnología Aplicad Información","3932","5","Ordinaria","Teórico - Práctico","Sección Cancelada","Cerrado","","","","","","","","","","","","","","20","20","","0"
"1030","PREG","DPT-ISIST","Departamento de Ingeniería de Sistemas","4800","004086","Tecnología Aplicad Información","3933","6","Ordinaria","Teórico - Práctico","Activo","Abierto","N","N","N","N","N","Y","N"," 1:00:00.000000PM"," 4:00:00.000000PM","07/26/2010","12/04/2010","PC002-S101","20","20","20","","16"
"1030","PREG","DPT-ISIST","Departamento de Ingeniería de Sistemas","4800","004086","Tecnología Aplicad Información","3934","7","Ordinaria","Teórico - Práctico","Sección Cancelada","Cerrado","","","","","","","","","","","","","","20","20","","0"
"1030","PREG","DPT-ISIST","Departamento de Ingeniería de Sistemas","4800","004077","Trabajo de Grado II Ing.Sist.","5256","1","Ordinaria","Proyecto","Activo","Abierto","N","N","N","N","Y","N","N"," 7:00:00.000000AM"," 9:00:00.000000AM","07/26/2010","12/04/2010","NO-SALON","1000","4","4","No Reconocimiento","0"
"1030","PREG","DPT-ISIST","Departamento de Ingeniería de Sistemas","4800","004077","Trabajo de Grado II Ing.Sist.","5257","2","Ordinaria","Proyecto","Activo","Abierto","N","N","N","N","Y","N","N"," 7:00:00.000000AM"," 9:00:00.000000AM","07/26/2010","12/04/2010","NO-SALON","1000","4","4","No Reconocimiento","1"
"1030","PREG","DPT-ISIST","Departamento de Ingeniería de Sistemas","4800","022469","Trabajo de Grado ISistemas","5228","1","Ordinaria","Proyecto","Activo","Abierto","N","N","N","N","Y","N","N"," 4:00:00.000000PM"," 6:00:00.000000PM","07/26/2010","12/04/2010","NO-SALON","1000","4","4","","1"
"1030","PREG","DPT-ISIST","Departamento de Ingeniería de Sistemas","4800","022469","Trabajo de Grado ISistemas","5229","2","Ordinaria","Proyecto","Activo","Abierto","N","N","N","N","Y","N","N"," 7:00:00.000000AM"," 9:00:00.000000AM","07/26/2010","12/04/2010","NO-SALON","1000","4","4","","2"
"1030","PREG","DPT-ISIST","Departamento de Ingeniería de Sistemas","4800","022469","Trabajo de Grado ISistemas","5230","3","Ordinaria","Proyecto","Activo","Abierto","N","N","N","N","Y","N","N"," 2:00:00.000000PM"," 4:00:00.000000PM","07/26/2010","12/04/2010","NO-SALON","1000","4","4","","0"
"1030","PREG","DPT-ISIST","Departamento de Ingeniería de Sistemas","4800","022469","Trabajo de Grado ISistemas","5231","4","Ordinaria","Proyecto","Activo","Abierto","N","N","N","N","Y","N","N"," 2:00:00.000000PM"," 4:00:00.000000PM","07/26/2010","12/04/2010","NO-SALON","1000","4","4","","0"
"1030","PREG","DPT-ISIST","Departamento de Ingeniería de Sistemas","4800","022469","Trabajo de Grado ISistemas","5232","5","Ordinaria","Proyecto","Activo","Abierto","N","N","N","N","Y","N","N"," 2:00:00.000000PM"," 4:00:00.000000PM","07/26/2010","12/04/2010","NO-SALON","1000","4","4","","1"
"1030","PREG","DPT-ISIST","Departamento de Ingeniería de Sistemas","4800","022469","Trabajo de Grado ISistemas","5233","6","Ordinaria","Proyecto","Activo","Abierto","N","N","N","N","Y","N","N"," 7:00:00.000000AM"," 9:00:00.000000AM","07/26/2010","12/04/2010","NO-SALON","1000","4","4","","3"
"1030","PREG","DPT-ISIST","Departamento de Ingeniería de Sistemas","4800","022469","Trabajo de Grado ISistemas","5234","7","Ordinaria","Proyecto","Activo","Abierto","N","N","N","N","Y","N","N"," 6:00:00.000000PM"," 8:00:00.000000PM","07/26/2010","12/04/2010","NO-SALON","1000","4","4","","2"
"1030","PREG","DPT-ISIST","Departamento de Ingeniería de Sistemas","4800","022469","Trabajo de Grado ISistemas","5235","8","Ordinaria","Proyecto","Activo","Abierto","N","N","N","N","Y","N","N"," 9:00:00.000000AM","11:00:00.000000AM","07/26/2010","12/04/2010","NO-SALON","1000","4","4","","1"
"1030","PREG","DPT-ISIST","Departamento de Ingeniería de Sistemas","4800","022469","Trabajo de Grado ISistemas","5236","9","Ordinaria","Proyecto","Activo","Abierto","N","N","N","N","Y","N","N"," 2:00:00.000000PM"," 4:00:00.000000PM","07/26/2010","12/04/2010","NO-SALON","1000","4","4","","0"
"1030","PREG","DPT-ISIST","Departamento de Ingeniería de Sistemas","4800","022469","Trabajo de Grado ISistemas","5237","10","Ordinaria","Proyecto","Activo","Abierto","N","N","N","N","Y","N","N"," 2:00:00.000000PM"," 4:00:00.000000PM","07/26/2010","12/04/2010","NO-SALON","1000","4","4","","2"
"1030","PREG","DPT-ISIST","Departamento de Ingeniería de Sistemas","4800","022469","Trabajo de Grado ISistemas","5238","11","Ordinaria","Proyecto","Activo","Abierto","N","N","N","N","Y","N","N"," 4:00:00.000000PM"," 6:00:00.000000PM","07/26/2010","12/04/2010","NO-SALON","1000","4","4","","0"
"1030","PREG","DPT-ISIST","Departamento de Ingeniería de Sistemas","4800","022469","Trabajo de Grado ISistemas","5239","12","Ordinaria","Proyecto","Activo","Abierto","N","N","N","N","Y","N","N"," 2:00:00.000000PM"," 4:00:00.000000PM","07/26/2010","12/04/2010","NO-SALON","1000","4","4","","2"
"1030","PREG","DPT-ISIST","Departamento de Ingeniería de Sistemas","4800","022469","Trabajo de Grado ISistemas","5240","13","Ordinaria","Proyecto","Activo","Cerrado","N","N","N","N","Y","N","N"," 2:00:00.000000PM"," 4:00:00.000000PM","07/26/2010","12/04/2010","NO-SALON","1000","4","4","","4"
"1030","PREG","DPT-ISIST","Departamento de Ingeniería de Sistemas","4800","022469","Trabajo de Grado ISistemas","5241","14","Ordinaria","Proyecto","Activo","Abierto","N","N","N","N","Y","N","N"," 2:00:00.000000PM"," 4:00:00.000000PM","07/26/2010","12/04/2010","NO-SALON","1000","4","4","","1"
"1030","PREG","DPT-ISIST","Departamento de Ingeniería de Sistemas","4800","022469","Trabajo de Grado ISistemas","5242","15","Ordinaria","Proyecto","Activo","Abierto","N","N","N","N","Y","N","N"," 2:00:00.000000PM"," 4:00:00.000000PM","07/26/2010","12/04/2010","NO-SALON","1000","4","4","","0"
"1030","PREG","DPT-ISIST","Departamento de Ingeniería de Sistemas","4800","022469","Trabajo de Grado ISistemas","5243","16","Ordinaria","Proyecto","Activo","Abierto","N","N","N","N","Y","N","N"," 4:00:00.000000PM"," 6:00:00.000000PM","07/26/2010","12/04/2010","NO-SALON","1000","4","4","","2"
"1030","PREG","DPT-ISIST","Departamento de Ingeniería de Sistemas","4800","022469","Trabajo de Grado ISistemas","5244","17","Ordinaria","Proyecto","Activo","Abierto","N","N","N","N","N","Y","N"," 7:00:00.000000AM"," 9:00:00.000000AM","07/26/2010","12/04/2010","NO-SALON","1000","4","4","","0"
"1030","PREG","DPT-ISIST","Departamento de Ingeniería de Sistemas","4800","022469","Trabajo de Grado ISistemas","5245","18","Ordinaria","Proyecto","Activo","Abierto","N","N","N","N","Y","N","N"," 1:00:00.000000PM"," 3:00:00.000000PM","07/26/2010","12/04/2010","NO-SALON","1000","4","4","","0"
"1030","PREG","DPT-ISIST","Departamento de Ingeniería de Sistemas","4800","022469","Trabajo de Grado ISistemas","5254","19","Ordinaria","Proyecto","Activo","Abierto","N","N","N","N","Y","N","N"," 9:00:00.000000AM","11:00:00.000000AM","07/26/2010","12/04/2010","NO-SALON","1000","4","4","","2"
"1030","PREG","DPT-ISIST","Departamento de Ingeniería de Sistemas","4800","022469","Trabajo de Grado ISistemas","5255","20","Ordinaria","Proyecto","Activo","Abierto","N","N","N","N","Y","N","N"," 7:00:00.000000AM"," 9:00:00.000000AM","07/26/2010","12/04/2010","NO-SALON","1000","4","4","","0"
"1030","PREG","DPT-ISIST","Departamento de Ingeniería de Sistemas","4800","004087","Tópicos Avanzados en Redes","7753","1","Ordinaria","Teórico - Práctico","Activo","Cerrado","N","N","Y","N","N","N","N"," 7:00:00.000000AM"," 9:00:00.000000AM","07/26/2010","12/04/2010","NO-SALON","1000","12","12","","12"
"1030","PREG","DPT-ISIST","Departamento de Ingeniería de Sistemas","4800","004087","Tópicos Avanzados en Redes","7753","1","Ordinaria","Teórico - Práctico","Activo","Cerrado","Y","N","N","N","N","N","N"," 7:00:00.000000AM"," 9:00:00.000000AM","07/26/2010","12/04/2010","SC009-P111","31","12","12","","12"
